Ticker,Market Cap
ABL,513806060.25
ACIW,4699504096.0
ADMA,4299603770.46
ADI,113055264012.72
ADP,125279938023.87
ADBE,157267908000.0
ACLX,3929658990.9300003
ACLS,2358308089.2000003
ACAD,3891163035.75
ACDC,1236577495.04
ACT,5286834833.0199995
ADPT,1633104761.5
ADSE,636696080.37
ADTN,738701414.88
AEIS,5292087667.36
ACMR,1911464604.72
ABNB,87218334409.05
ADSK,64885098574.799995
AEBI,758921975.52
ADV,518899200.0
AEVA,1182436619.56
AEHR,649525980.0
AEP,58649271904.54
ADUS,2013417780.7700002
ACIC,513996769.56000006
ABUS,616717355.38
AAOI,1523054542.6399999
AAL,7588031441.5
ACGL,33311929727.25
AAON,6783494925.06
ACHC,2050178737.5649998
ADEA,1437623039.0
ABCL,1525256633.0400002
AAPL,3194474464880.0
AFRM,21643231249.31
AFYA,1307926181.99
AGYS,3277922307.55
AIOT,609503376.94
AGIO,2316607960.0
AGNC,10114907000.0
AHCO,1273908185.4399998
AIRO,570783773.5200001
AKBA,934983576.16
AKAM,11493624409.5
AKRO,4030520339.2000003
ALGN,14899983915.960001
ALKT,2808324545.76
ALGM,6231985811.500001
ALAB,20157782175.22
ALGT,924237688.72
ALHC,2326637819.52
ALKS,4308870577.05
ALM,848332963.65
ALVO,2972427555.97
ALNT,672753929.64
ALNY,42873007502.33
ALRM,2768142800.85
AMAT,149015893914.73
AMAL,911967524.4599999
ALRS,550942178.64
AMBA,2855316336.8399997
AMSC,1922731171.2
AMLX,726499859.0500001
ANDE,1234179796.6000001
AMD,269915156341.65
AMKR,5227711054.08
AMED,3214355345.72
AMPH,1054501331.45
AMGN,164849941656.44
AMRK,543960418.24
AMPL,1664903360.88
AMSF,877794806.3399999
AMWD,810738774.3
AMRX,2526161967.94
ANAB,791510562.24
ANGI,813858722.88
AMZN,2457048601076.08
ANIP,1461014271.0800002
APA,6892141792.000001
AOSL,812150263.55
ARCC,16042540334.94
APEI,547143069.78
APGE,2380323964.98
APLD,2419507660.0
APP,123220191200.4
ARQQ,550213696.17
APOG,923403257.3000001
ARHS,1343098370.6599998
APLS,2462115473.4
APPN,2197896054.48
APPF,9531018012.84
APPS,589445454.78
ARCB,1985282415.87
ARDX,1026404859.48
ARVN,572252497.6
ARRY,1054100032.58
ARLP,3593416111.52
ARQT,1771337618.6399999
ARKO,531029731.48
ASO,3688074388.08
ARWR,2173700846.9
ASTL,653737586.46
ATLC,759941744.96
ASPI,957014715.99
ASTH,1074091051.93
ASTE,915136139.4000001
ASTS,13529374683.43
ATAI,757352926.89
ATEC,1581588646.46
ATYR,518895861.88
ATRO,1221161114.13
ATRC,1559402806.5
AUPH,1206481416.86
AUR,11356176658.98
AVAH,816862677.84
AVAV,13548571408.08
AVBP,777205458.54
AVDL,1068812349.55
AXGN,608923868.28
AVDX,2037621862.08
AVGO,1364853208686.22
AXSM,4964502682.95
AVPT,3932476727.04
AVO,850949466.6500001
AVT,4486366352.5
AVXL,1036104473.96
BANF,4213249948.5299997
AXON,57221125328.12
AUGO,2085577969.28
AZTA,1576203540.78
BATRK,2850487405.92
BANR,2250034649.64
BASE,1330929254.31
BATRA,3087715057.8399997
BBNX,643407210.04
BBIO,8791477336.0
BBSI,1173585688.4
BCAL,519903509.47999996
BCAX,640800561.5
BCPC,4854106734.82
BCRX,1789089842.7
BELFA,1391767238.0
BFST,754739613.1999999
BELFB,1518061216.0
BEAM,2184100081.68
BFC,1245255401.79
BIIB,19271340464.640003
BGM,2096514091.1
BGC,4798744826.7300005
BHF,2882505187.06
BGL,540368964.82
BHRB,943234699.2
BKR,45399733660.2
BITF,685785094.11
BJRI,861633009.52
BKNG,183275969507.26
BLBD,1453589110.6499999
BL,3489927448.0
BLDP,638644788.42
BLFS,1080119132.12
BLKB,3173057841.6000004
BLMN,854866557.45
BMBL,849055505.2800001
BMRN,11316681991.65
BOKF,6700156847.01
BPOP,7835228184.44
BRKL,964111826.1
BRKR,6355243817.82
BRZE,3082810485.3
BSY,17775118452.420002
BTBT,1006252118.55
BWIN,2870856661.12
BWMN,622630782.97
BTSG,3609256427.9500003
BULL,7777763545.195001
BTDR,2880353373.36
BUSE,2069010623.1599998
BYRN,536945201.1
CACC,6039260633.25
CAC,692988560.0
CAI,8210134291.66
CAKE,3257952958.26
CALM,5088355286.84
CART,12622166294.49
CAMT,4369243166.86
CBSH,8276024053.03
CARG,3312350403.75
CCAP,547399049.1899999
CAR,7277403102.809999
CASH,1889426907.8
CASY,19613341397.35
CATY,3232442357.925
CASS,559783958.1
CBRL,1464720036.78
CCEP,45645096938.48
CBNK,567163035.84
CBLL,546843922.86
CCCS,6603783163.92
CCB,1537488151.04
CCBG,689360876.9
CCCX,528828000.0
CCD,562472077.86
CCEC,1346094400.525
CCNE,715476030.85
CCOI,2409140847.2999997
CEG,102597176069.5
CECO,1221328831.46
CELC,521419749.65999997
CDTX,1367970467.5
CDW,23853448071.0
CDNA,712154221.7099999
CDNS,90701821980.0
CFLT,9309663108.6
CELH,12030590246.4
CENT,2554797884.67
CENTA,2319545957.3399997
CENX,2136640051.1
CGNT,677770310.4000001
CEVA,553663757.15
CERT,1799173152.52
CFFN,811506903.9000001
CG,22914071649.45
CGBD,1035222330.1999999
CGNX,5720831634.24
CHCO,1850431700.0
CGON,1989480538.8000002
CHEF,2531734702.8399997
CHI,812978783.64
CHDN,7961213481.95
CHKP,23852995597.530003
CHRD,6279096854.88
CHRW,12194822185.619999
CHTR,42309057603.75
CHYM,12590764137.9
CIFR,2401750613.89
CHY,874698346.62
CLDX,1550305527.3500001
CIGI,7207271396.62
CINF,23351759334.0
CLBT,3429211287.84
CLBK,1476330783.27
CLFD,612849394.5
CLMT,1461304198.9
CLOV,1544561823.335
CLSK,3320756377.92
CNCK,692008842.54
CMCSA,125751148261.36
CME,100744279319.0
CMPR,1205625291.1200001
CNOB,1217510656.25
CNXC,3816171016.0
CNXN,1625423232.0
COCO,2151337050.2400002
COLM,3319122535.7400002
COKE,10322045514.0
COHU,885876244.5
COLL,1021478861.76
COIN,99757746200.24
COMM,1726278392.86
COO,14881637673.36
COOP,10055262357.97
CRAI,1184078921.0
CORZ,4178831848.0
CORT,7241792289.840001
CPRX,2557818937.44
CRDO,17373586538.7
CRCT,1103366240.29
CRMD,855191117.34
CRON,790108993.05
CRSR,986253071.4
CRNX,2903147228.7
CROX,5985959386.75
CRSP,5592912175.84
CRUS,5189854980.03
CRVL,4564868128.2
CRWD,116628205578.08
COLB,5217486660.0
CRWV,55666820853.9
CSGP,39386774155.14
CSIQ,853896136.5
CSCO,272012274984.19998
CSGS,1799467974.0
CSQ,2974856729.25
CSWC,1278877833.73
CSX,66666546020.64
CTAS,90083054880.0
CTBI,1008991650.0
CTLP,812020558.32
CTSH,37793860303.21
CVAC,1229370116.52
CVBF,2655896710.5499997
CVCO,3376828831.1800003
CWST,6915611056.8
CYBR,19047239910.72
CVLT,7317672738.55
CYTK,4440306753.74
CZR,6147537597.639999
DAKT,817736145.3
DAVE,2809630068.4
DASH,105902131720.0
DCBO,931370910.26
DBX,7584994412.29
DGICA,626638208.56
DAWN,732850643.64
DDOG,51747728133.04
DCOM,1243814260.0
DEFT,953217439.36
DGII,1243217050.92
DGNX,1177970478.49
DGICB,568883534.96
CMPO,1461098926.56
DJT,5306449584.25
DLTR,23876888537.38
DJCO,564055947.0
DKNG,22263373406.66
DIOD,2344196606.1600003
DLO,3092289596.76
COGT,1682702960.7
DNLI,1985927007.33
DMLP,1302790085.12
DNTH,691439613.0
DOCU,16138753599.640001
DNUT,754936000.0
DPZ,16483219613.13
DOX,9770589150.0
DOOO,3650871379.6600003
DOMO,642151685.2800001
DORM,3723888786.7
COST,414863944411.28
CPB,9736924885.519999
DRS,12887423490.199999
DSGR,1382005028.16
DRVN,2809108638.9
CPRT,45146251831.659996
DSGX,9236237306.1
DVAX,1364116184.0
DUOL,16549436062.05
DXCM,34893646513.99
DXPE,1697651349.3
DYN,1408376391.6999998
EA,38112917848.32
EBC,3093190028.04
ECPG,901395865.9999999
ECX,593168041.6
EBAY,37526493615.130005
EEFT,4487951155.68
EFSC,2065275465.6000001
EOLS,614452363.17
ELVN,1250593194.0
EMBC,685530618.84
ENLT,3057531541.1299996
ENPH,4629884801.11
ENSG,8658485559.42
ENTG,13906090000.0
ENVX,2843677258.11
EOSE,1587108846.05
ERIE,18599506047.6
ERII,756449243.0
EQIX,78395073957.12999
ETOR,5447455539.04
ESLT,20982558976.14
ESTA,1226380742.1399999
ESQ,838481495.35
ETNB,1399988305.3799999
ETSY,6513469709.76
EVER,929584720.53
EVCM,2111997865.9
EU,566234294.24
EXLS,6973080055.3
EWBC,14279115760.0
EVLV,1118454459.1000001
EVRG,16060330720.4
EXC,44409473859.36
EXAS,9147040763.77
EWTX,1485427120.52
EXE,23362441526.63
EZPW,818313380.3000001
EXPE,23814828656.64
EXEL,12435497568.0
EXPO,3665779544.86
EXPI,1738943262.55
EXTR,2377043302.2000003
EYPT,721146993.28
EYE,1977922548.18
FANG,42250408695.600006
FA,3195593301.6
FAST,54799648461.75
FBNC,2078795752.74
FER,38367942511.08
FCBC,718127425.0500001
FCFS,5432441106.7
FCNCA,27407775023.16
FDUS,749254232.0
FELE,4235400457.19
FFIV,17193289110.9
FFIN,5215179212.55
FFBC,2380608938.62
FITB,28604696400.000004
FHB,3169455688.48
FIP,755130242.3
FIBK,3118294583.01
FISI,524059094.71999997
FLEX,18681429766.64
FIVE,7634893553.349999
FIVN,2199684883.7599998
FIZZ,4385172322.64
FLNC,1226143028.74
FLGT,559248840.15
FORM,2627542725.78
FOXA,25479862600.62
FMBH,930287409.1
FMNB,503662150.0
FLYW,1421017041.36
FOLD,1866061763.04
FOX,23434099854.32
FOXF,1258880171.64
FRHC,10572050197.199999
FROG,4759277179.92
FRME,2279442833.3999996
FRPH,519557231.47999996
FRPT,3451466959.1600003
FRSH,4186230823.17
FSBC,652791884.9599999
FTAI,12017509150.5
FTDR,4340090307.059999
FSLR,19874546848.28
FSUN,1081048401.52
FULT,3392249400.0000005
FSV,9092435720.08
FWONA,23123314558.8
FWONK,25615244574.36
FTNT,80230952917.92
FTRE,615674155.6
FUFU,626283690.1999999
GAIN,517634733.3
FWRG,1053962737.9200001
FYBR,9176557490.0
GABC,1496229264.5600002
FWRD,976889626.31
GCL,515207597.76
GBFH,587798580.46
GBDC,4091713781.7599998
GCT,916307880.34
GDEN,775611261.9
GCMG,609432150.4599999
GERN,802516375.08
GDYN,884368450.3800001
GDRX,1785847425.0
GEN,18985231331.27
GEHC,35536454694.78
GIII,1043453516.045
GFS,22185470155.78
GH,5503106958.900001
GHRS,899426227.5
GLAD,640420155.36
GILD,144544563860.2
GLPI,13210825296.72
GLBE,5887797437.679999
GLIBA,987203804.0
GLIBK,980890291.3
GLNG,4243970440.0
GLDD,784549712.1
GO,1360719609.52
GLXY,4004318242.68
GNTX,6164107336.02
GOGL,1728826550.31
GOGO,2087119355.52
GOOD,629446936.8
GOOG,2347203520000.0
GPRE,542815451.6
GOOGL,2336318920000.0
GSBC,676270268.22
GRAB,22104640000.0
GRAL,1449372073.26
GRPN,1311941813.0
GSAT,3110147405.82
GSHD,2221250677.1
GT,3117022108.38
GSM,841682678.2099999
GTLB,7911428000.0
GTX,2608386439.46
GTM,3690383664.0
HAFC,706131691.1999999
GYRE,692616393.4399999
HALO,7176391040.0
HAS,10506901137.34
HBAN,24685525628.8
HBNB,577185661.0699999
HBNC,684179539.3399999
HCSG,966171847.5
HBT,808802745.12
HCKT,643537085.75
HFWA,795862867.36
HELE,553453392.06
HIFS,537918062.5
HIVE,503353000.7
HNRG,695784354.2
HLIT,1017871335.0
HLMN,1593894184.1100001
HLNE,6823609212.200001
HOOD,92526870560.84999
HNST,545673451.95
HQY,8305092710.040001
HOLX,14819208859.0
HROW,1328156823.07
HONE,524653901.94
HOPE,1333775607.78
HON,142369205062.88
HPK,1185033898.4
HSAI,2821561243.2000003
HRMY,2154560448.88
HSIC,8932835719.08
HSII,954742391.8
HTZ,2301274383.12
HUBG,2210924211.8
HSTM,816550865.5
HST,11480973700.65
HTBK,588659989.54
HTLD,656707811.76
HTO,1661633053.67
HURN,2302440058.6600003
IAC,3245568113.1
HUT,2124005311.9199998
HWC,5194461860.0
HWKN,3304241897.7
IBKR,28547239660.0
IBRX,2524294369.74
IART,1018807912.14
IBCP,672429999.0
IAS,1397688061.0
IDYA,2145758093.5
IEP,5111365905.36
IBOC,4316378874.559999
ICLR,14544166031.3
ICFI,1584828779.2
ICHR,704921018.08
IDCC,5819684599.3
IDXX,45453663269.23
IESC,7101130426.56
ICUI,3197090616.3
IGIC,1071194376.0
IIIV,699598334.0500001
IMTX,797369108.64
ILMN,17302190000.0
IMNM,945824005.3599999
IMKTA,1236723821.36
IMVT,2899622533.2
INDB,3313778212.7999997
INDV,2138554714.8
INDI,814650662.54
INTA,3370976193.6
INMD,896724515.2
INNV,518449735.68
INOD,1561869252.0
INCY,13588609366.800001
INSM,19745450420.850002
INTC,90603900000.0
INTR,2946017945.7000003
INTU,219238394650.0
IPAR,3888610200.0
INVA,1175151238.56
IONS,6723676137.254999
IOVA,1045214631.31
IOSP,2106124715.62
IPGP,3318979675.86
IREN,4285880192.16
IRDM,2726597123.01
IRMD,716114938.88
IRON,2099184619.95
ITRN,809668706.0
IRTC,4283732326.0600004
ISRG,177754160265.16
ITRI,6198610013.87
JBSS,792394293.18
JAZZ,7154218012.83
JAMF,1093158363.0
JBHT,14453100646.11
JANX,1536187075.72
JBLU,1552008560.52
JCAP,1098352692.3600001
JKHY,12841099131.1
JJSF,2287187521.96
KARO,1552934802.0
KALU,1341314331.96
KALV,728325514.62
KDP,45195141732.33
KLIC,1794157832.0
KLAC,119293671588.7
KIDS,563495864.75
KHC,33943987456.68
KMB,42266726538.299995
KNSA,1921325561.11
KMTS,849820256.8000001
KRNT,992219040.6700001
KRT,566157441.0
KRUS,1092808328.04
KROS,587298886.44
KRYS,4265734154.8
KTOS,10063977386.390001
LAMR,12841758816.8
KYMR,3212498829.06
KURA,539360300.01
LBRDK,10064667358.9
LAB,505739175.2
LBRDA,10041734479.7
LASR,958631342.69
LAUR,3462812493.0099998
LBTYB,3434706589.971
LECO,12712761392.48
LBTYA,3466154250.6699996
LBTYK,3556004709.81
LCID,8906765142.199999
LEGH,548682134.0
LENZ,889981389.48
LILA,1345032125.0500002
LFUS,5692880049.78
LFST,1609946250.84
LGIH,1347631225.1599998
LIN,222600893199.63
LGND,2620726839.44
LIF,5878171290.440001
LITE,7253688000.0
LIND,666889886.12
LINC,722211568.02
LINE,9966531455.6
LILAK,1359022058.0
LIVN,2381136925.9700003
LMB,1555841683.76
LKQ,8277121986.64
LKFN,1685167432.1
LLYVA,7616729402.120001
LLYVK,7829810461.0
LMAT,1862453259.66
LOGI,14278557493.76
LNTH,5045723019.4800005
LNT,16681546857.06
LNW,8252230111.8
LOPE,4785077197.759999
LPLA,30393972248.760002
LSTR,4984722687.28
LQDA,1675496690.0000002
LRCX,124023281279.99998
LQDT,775522734.48
LSCC,7396530092.49
LUNR,1504181509.82
LULU,26297674147.13
LZ,1645154288.44
LYTS,564983981.8
LZMH,894171600.0
LYFT,6015093012.5
MANH,13167036343.5
MARA,6070753653.0
MAR,76447145774.09
MAT,5629993437.804999
MASI,8925550875.92
MATW,764982729.4100001
MAZE,736668332.12
MBIN,1591636381.1399999
MCHP,37350875882.34
MBLY,12060129983.460001
MDB,19723383728.81
MBWM,775225190.74
MBUU,675900962.16
MCBS,749277467.64
MCRI,1902512292.18
MDLZ,91388069026.34
MDXG,999943487.8
MELI,119775590280.0
MDGL,6625459348.799999
MEOH,2309633915.2400002
METC,1233022975.8
MGEE,3161756185.66
MGIC,1051216120.05
MGRC,3064135609.5
MGTX,672658054.8299999
MIRM,2567383967.47
MCW,2098382019.48
MMSI,5005139703.84
MLKN,1367659222.8500001
MLTX,3495527112.71
MLYS,933310109.84
MMYT,9776394014.25
MEDP,12571348204.74
MENS,1049181804.6
MNKD,1233967379.12
MNDY,15025574833.36
MNST,59158432004.939995
METCB,788007806.85
MGNI,3318920347.68
MGPI,677292711.04
MKTX,7929726218.45
META,1791910743817.3198
MKSI,6673683701.0
MOFG,581548156.0
MPWR,34218878399.999996
MQ,2711277834.2400002
MPB,619168541.88
MFIC,1215746194.6599998
MRCY,3165817780.7999997
MRNO,628061069.5469999
MRNA,13207233153.0
MRUS,4976535365.879999
MRTN,1059765512.0
MRVL,63983861999.99999
MRX,2746292700.48
MSFT,3818172108889.1504
MSEX,933641273.8000001
MNMD,737399876.16
MTSR,4251597622.8599997
MTCH,8474987128.320001
MSTR,115091305657.83
MTSI,10241363676.57
MU,124513858737.26001
MIDD,8006183693.7
MXL,1424636947.28
MVST,1076879997.59
MZTI,4983667472.39
NAGE,734133249.84
NBIX,13077343454.8
MORN,11746543129.789999
MYRG,3109223650.2000003
NAMS,2649587977.2000003
NCNO,3571000540.8
NAVI,1414080033.66
NBIS,12262457699.8
NBBK,752215094.8000001
NBN,817411708.56
NBTB,2165168775.2000003
NDAQ,54418740751.28
NEOG,1132939753.74
NEGG,668290180.0
NDSN,12479435634.64
NEO,809488423.87
NESR,641143649.04
NEXN,698221136.97
NFE,1035098567.4
NEXT,2953095457.2400002
NNE,1735693093.8
NN,2038916541.2
NFLX,501621302189.54
NNNN,2221772544.0
NMFC,1142146484.85
NMIH,2974140249.66
NMRK,2360752141.14
NRDS,816658194.6400001
NOVT,4575849538.719999
NRIX,880696569.6
NTCT,1587064309.25
NTAP,21026425040.28
NSIT,4655772457.12
NSSC,1084668326.8200002
NTGR,742041053.32
NTLA,1408216241.43
NVEE,1546406231.22
NVMI,7603451793.04
NTRS,24866026990.0
NWBI,1613513456.13
NVAX,1209918424.86
NTRA,18966319962.0
NUVL,5845951558.65
NTNX,20022704964.57
NVCR,1346063451.6
NUTX,527847122.32
NVDA,4231241150777.5
NWS,19038164624.34
NWE,3229797130.3799996
NWL,2618828864.85
NVTS,1687537391.0399997
NWSA,16687355338.58
NYMT,632990529.21
NYAX,1703957828.23
NXPI,56294667917.549995
NXT,9662838224.94
NXTT,977233902.4000001
NXST,5716226700.0
OCS,903806366.5400001
OCUL,1945049776.5600002
OCFC,1000202684.25
ODD,3790182675.9900002
ODP,558931456.5
OCSL,1273716662.5800002
ODFL,35310360083.46
OLED,7091376095.450001
OKTA,17699909720.1
OLLI,8203148245.059999
ONB,8482859699.999999
OMDA,1093612621.4
OLPX,1005543554.84
OMCL,1324268685.08
ON,23786033894.32
OPCH,4861655852.5
OPK,1086482340.1100001
OPEN,1851985173.34
OS,4408264875.91
ORIC,974898415.92
ORGO,638073286.08
ORLY,83065796440.04
ORKA,533527267.5
OSPN,576324290.025
OSBC,804252866.5500001
OSIS,3795570531.36
ORRF,674963099.25
OSW,2280905589.35
OTTR,3289074001.2999997
OUST,1415883610.4
OTEX,7955672017.7
OXLC,1743392000.0
OZK,5800994968.5
PARA,8797758872.4
PAA,13137630083.4
PAHC,1182770681.44
PAGP,3919278627.68
PANW,135540436000.0
PARAA,15640460217.6
PATK,3342728000.0
PAX,2165632870.4
PAYO,2462980872.0
PAYX,53312491357.23
PCH,3296316240.0
PCRX,1044170240.85
PCAR,53320128797.25
PCT,2768736693.8
PCVX,4725421574.940001
PCTY,10375528840.320002
PEBO,1048450660.19
PDFS,931130203.77
PEGA,10064675521.949999
PECO,4341116160.0
PHAT,672309985.23
PENG,1318412028.24
PENN,2903767998.48
PEP,196394124913.8
PFG,18170662232.7
PI,3601153902.5
PGNY,1980943650.19
PHAR,701713288.08
PFBC,1166947259.3
PGY,2382517920.24
PHVS,1320827338.04
PLPC,697763028.6
PINC,1743601061.125
PLAB,1186168096.6399999
PLAY,1135477383.48
PLMR,3543868525.32
PLSE,1004398759.66
PLTK,1752261872.25
PLTR,374754088643.60004
PNFP,7095900000.0
PLUG,2111102008.3200002
PNTG,804850706.35
PLUS,1780477674.96
PLXS,3338837693.25
POET,564075432.69
POOL,12214684703.699999
PODD,20424210153.06
POWL,2997384546.51
PPBI,2189739368.7
PPC,11346338468.85
POWI,2927659699.23
PPTA,1741513228.7900002
PRCH,1385283002.62
PRAX,1206251114.04
PRAA,624624509.25
PRCT,3082913380.96
PRDO,1864506568.55
PRGS,2190550652.805
PRME,566228214.73
PSMT,3296509576.29
PSNL,573230145.62
PTC,24530535212.52
PRTH,562262005.8
PRVA,2402423944.5499997
PSEC,1562310241.92
PSIX,2082730415.7199998
PSNY,2331221160.4
PTEN,2285043193.92
PTCT,3545959030.06
PTGX,3418304818.25
PTLO,677993156.82
PTON,2614550877.6
PUBM,617348015.2800001
PWP,1304572523.76
QCRH,1275690800.34
PYPL,75838110005.42
QCOM,173923200000.0
QDEL,1852272634.08
PZZA,1438526833.8999999
QLYS,4969777298.06
QRVO,7918413869.6
QNST,946540993.5
QURE,827249774.56
QUBT,2638698173.9100003
RARE,2584779236.9
RAPP,585787715.85
RCAT,931092203.58
RBBN,677338064.775
RBCAA,1408091970.0
RDVT,620480114.28
RDWR,1216993084.3400002
RDNT,4414247723.75
REAL,651429095.04
REAX,853667999.9999999
RGC,7442058065.400001
REG,12921016124.480001
REGN,60795371360.700005
RGLD,10203154904.470001
RELY,3461518892.1600003
REYN,4660763729.68
RGEN,6839449678.5
RGTI,4983298877.92
RIVN,16782967455.27
RIOT,5194614808.679999
RLAY,641204172.84
RKLB,22735034778.15
RMBS,6750838920.6
ROAD,5907906004.0
RNA,4371259239.360001
ROKU,13217315971.800001
ROCK,1945184145.6
RNW,2708850514.77
ROIV,7851760108.500001
ROOT,1899173698.8
ROP,60534393972.909996
ROST,45243665169.93
RPRX,15451661992.19
RPD,1458874457.5800002
RRR,3257005044.8
RSVR,523771016.0
RUM,3206848818.53
RUN,2463084146.6
RUSHA,4265929091.22
RUSHB,4289274197.52
RVMD,7060471255.320001
RZLV,718830553.3000001
SABR,1221590670.3
RXRX,2813915878.73
SAIC,5381465593.95
RZLT,548074705.5
RYTM,5704759337.55
SAFT,1054016675.04
SBCF,2471864480.0
SAGE,551075967.2
SAIA,8885370408.050001
SCHL,712529523.3
SAIL,11265358324.0
SBRA,4335202301.2
SANM,5270462094.059999
SANA,1116499126.05
SATS,8526524248.8
SBAC,25133562938.239998
SBGI,1037311706.13
SBLK,2195490752.4
SBET,2198012802.93
SBUX,107298888000.0
SCSC,927549708.4
SCVL,609040131.24
SDGR,1631168175.78
SEDG,1607774437.3600001
SERV,665487097.4
SEZL,4957993640.25
SFIX,658957294.65
SENEA,700287354.25
SENEB,712951027.2900001
SEIC,11131493030.0
SEPN,618469731.44
SFD,9391462665.79
SFNC,2847361892.64
SFM,15762087923.4
SHBI,528314614.95
SHC,3491417410.2000003
SGML,792327690.48
SGRY,2724683194.5
SHOO,1951507642.5
SHOP,161433101778.53
SHEN,832182889.65
SHLS,976300884.56
SKWD,2100141650.4199998
SIBN,735100366.5
SIGA,510089332.62
SIGI,4717920087.719999
SIRI,7968260629.62
SION,842159434.7
SLDE,2491185654.9
SITM,4893595885.5199995
SKYW,4544470827.4
SLAB,4380913825.0
SLDB,542607639.0
SLM,6825680381.200001
SLDP,773050556.18
SLRC,893059358.58
SLNO,4561022021.84
SMCI,32508657177.62
SMMT,21292232041.08
SMLR,538379571.52
SMBC,642318201.615
SMPL,3336972252.24
SMTC,4597750920.51
SNDK,6172341536.16
SNCY,629446960.87
SNEX,4623597032.0
SNDX,828636933.8700001
SNPS,111312998634.24998
SOFI,23433697635.2
SONO,1350984296.25
SOUN,4704309133.110001
SPT,1101264335.16
SPFI,636396924.75
SPNS,1612905313.5
SRPT,1172444991.76
SRRK,3698129639.9
SPRY,1755076335.0700002
SPTN,898359280.78
SPSC,5183532323.22
SRAD,8437581855.110001
SRCE,1494349340.3999999
SSII,1390076504.6
SRDX,514773576.0
SSNC,21010703061.640003
SSRM,2530669177.92
SSYS,913530941.9499999
STAA,950901676.8
STBA,1444473026.16
STEP,4796783147.52
STOK,715219704.4
STNE,3633233177.5800004
STLD,19422220597.08
STKL,780480978.24
STGW,1445486769.0
STRA,1894397937.6000001
STRL,8154757071.54
STX,32021492992.069996
SUPN,1880131540.34
SWKS,10738737813.380001
SVC,504907486.02
SWIM,800609129.28
SYBT,2315398880.0
SYNA,2561345684.1
SYM,5780150206.81
TASK,1514953299.9799998
SYRE,1073689850.1899999
TARS,1743590835.5
TCBX,506298377.40000004
TBBK,2945329565.7799997
TBLD,623671805.5200001
TBLA,1070278203.78
TBPH,551514691.9599999
TCBI,3902914039.1
TCBK,1392337542.6
TFIN,1497382665.5700002
TCPC,638633855.47
TERN,528393696.05
TEAM,53288684911.0
TDUP,909321037.21
TECH,9214781600.1
TEM,11164266640.05
TENB,4057287983.9100003
TER,14461888873.050001
TGTX,5858060828.4
TH,784981256.4
TIGO,6742109398.4
TFSL,3563820870.12
THFF,652733526.6
THRM,1049882014.4
THRY,520484877.5
TIGR,1867306093.52
TILE,1224962752.1999998
TIPT,807684884.5799999
TLN,15774599943.6
TMDX,3658109158.56
TNGX,739248375.8000001
TLRY,708124263.174
TMC,3120231543.58
TNDM,1058388503.34
TRIN,974287571.07
TMUS,274095806704.90002
TOWN,2646323534.16
TRIP,2104401293.28
TPG,8444459836.0
TRMD,1821915179.4
TREE,664036077.98
TRI,91649836176.59999
TRMK,2335733120.28
TRST,654129700.0
TRML,507861229.83
TRNS,784150933.5
TRMB,20337148975.559998
TROW,23558399289.84
TRS,1277682553.84
TSHA,693055565.3
TRUP,2131054851.75
TRVI,958210016.29
TSCO,31456940014.89
TSSI,724343417.1
TSEM,5258979500.740001
TTD,42116014746.78
TSLA,1019435375857.34
TTAN,10603049549.82
TTGT,612660730.0
TTEK,10092150307.699999
TTMI,4602837872.15
TW,29661477412.73
TTWO,41103944948.0
TVTX,1360489811.76
TWST,2156381914.59
TXG,1737417212.5
TXRH,12481518595.419998
TXN,168155910000.0
UAL,29495231084.34
UBSI,5137122162.400001
TYRA,588148569.4
UCTT,1081772196.4
UDMY,1108048281.8500001
UMBF,8208312436.68
UFCS,684373948.08
UFPI,6331799953.08
UFPT,1864435104.0
ULCC,1006719333.1
ULTA,23144739294.750004
ULH,792893796.18
UNIT,1423629836.0
UNTY,503104800.0
UPB,733208171.89
UPBD,1450264392.7199998
UPWK,1725143706.99
UPST,7947449988.74
URBN,6777842961.5
URGN,875515279.3
USAR,1158107936.28
UTHR,13734966703.5
USLM,3077739564.5099998
UVSP,845846997.5799999
VECO,1213642604.64
VBTX,1766259782.3799999
VC,3090954735.48
VCEL,2019759916.28
VERV,994044941.82
VCTR,4749571313.68
VERX,5421802296.900001
VCYT,1977443927.75
VERA,1390914385.98
VMEO,673803041.8
VFS,8302784999.799999
VICR,2098114047.12
VIR,781044716.95
VINP,618532765.02
VITL,1620812892.2800002
VIAV,2271432954.4500003
VKTX,3870355557.6200004
VLGEA,530327836.67999995
VLCN,602446218.2
VLY,5283457572.03
VNOM,4968758878.849999
VRDN,1409910209.2800002
VRNS,6121176007.71
VRSK,41679859582.92
VRSN,28560786000.000004
VRRM,3980934214.5099998
VRNT,1315106453.3
VRTX,120604798874.54999
VTRS,11044347281.24
VSAT,1914394703.6499999
VSEC,2824925712.2799997
WASH,531439480.0
WBTN,1334435056.5
WABC,1255042350.0
WAFD,2353334408.24
WAY,6199270734.17
WBD,33375271790.47
WBA,10049159436.75
WDC,24009809079.3
WFRD,4084538213.72
WDFC,2846442276.48
WDAY,64446917040.0
WERN,1811183637.62
WEN,2066191668.48
WEST,671952349.6
WING,8426951204.88
WGS,2277805675.32
WMG,16237463280.849998
WINA,1359769105.6
WIX,8488839853.26
WLFC,990922061.2500001
WLDN,1189319440.96
WOOF,937399162.56
WTW,31044791060.010002
WRLD,866505321.24
WSC,5772629985.45
WSBC,3055770195.76
WSFS,3169404600.0
WTFC,8843143774.52
WW,3703298234.1600003
WULF,2014149331.7
WVE,1306726386.0
WWD,15307297491.98
WYNN,11442422701.44
XENE,2325028049.7000003
XEL,41907426140.58
XERS,803978099.9999999
XRX,764800439.6800001
XPEL,977811118.925
Z,19596219485.04
ZBIO,655123290.12
XRAY,3194672961.55
XNCR,657617766.96
ZBRA,17071289030.63
XMTR,1653072518.7199998
XP,8726162020.56
ZD,1379630642.94
ZG,18871864403.04
ZIMV,527921615.52
ZION,8174254140.0
ZS,44557765891.32
ZM,22636613227.679996
A,34138899011.04
ABR,2321295602.56
ACHR,6154413971.39
AAT,1244091755.5
AER,20335317993.08
AES,9824534847.0
AAMI,1428947378.0
AACT,708293702.4
ABM,2969707649.4
ACVA,2494124696.52
AAP,3516436379.16
AA,7984548103.92
AAUC,1539158741.44
ZVRA,614052368.4300001
ACA,4449098169.18
ABG,4672195965.6
ACN,176360741155.55
ACI,11196928860.0
AC,790126366.2600001
AEG,11394262588.609999
ACM,15262197562.08
AEE,27138282471.3
ACEL,1078329996.38
AEM,63867048148.5
ABCB,4577063572.08
ABT,220158998022.6
ADC,8088563648.96
ADT,7015929923.919999
ZYME,997677251.65
AB,4746803093.12
AFG,10540804508.22
ABBV,336111167977.56
AFL,55886476544.36
AEO,2034169067.16
ADNT,1909698318.1200001
ADM,26592908330.25
AG,4152940345.04
AGCO,8383953354.66
AESI,1737098627.65
AGRO,945935255.7600001
AGI,10880027363.66
AGM.A,1421311060.0
ALSN,7535748059.84
ALE,3818076296.44
AGL,852740664.74
AGM,1919972578.8200002
ALX,1321664506.1999998
AMG,6134101379.530001
AGO,4126780000.0
AHH,564293797.76
AMN,756372889.8000001
AMH,13329486662.96
AHR,5957205218.55
AHL,2929643875.4
AGX,3218004194.83
AI,3495377935.26
AIZ,9444828914.72
ALB,9852924938.359999
AIV,1227188309.6200001
AIT,10363973355.33
AKR,2458136449.63
AJG,80692542420.0
ALLE,14198155942.8
ALIT,3040327088.64
AL,6488735378.1
ALL,51824785728.5
ALC,45435455522.64
ALG,2654470958.92
ALK,6012796420.799999
AIG,46164053826.0
AMCR,22317682884.88
ALLY,11862110980.0
AIN,2181524841.48
AIR,2741623606.7200003
AMBP,2247350443.3599997
AMC,1407716573.25
AME,41578995148.020004
AMPX,988477831.3999999
ALEX,1339387700.7
AMP,49188063999.99999
ALV,9013326680.25
AM,8180268330.0
AMT,107610938378.15001
AMR,1753105988.04
AMRC,953176887.72
AMRZ,28377464186.4
AR,10101443310.0
ARR,1544274873.72
ARLO,1678197532.1100001
AQN,4606479720.0
ANET,143526701134.68
APG,14596386680.099998
AON,80521835277.23999
AORT,1476965944.8
APD,66594130597.36
APLE,2990507670.39
AN,7662756298.5
AOS,10097737534.800001
AMTB,846240757.18
APAM,3285450992.1
APH,127032095486.62
ANF,4399383707.1
AMTM,6226621956.12
APO,86369923584.42
ARES,40682266079.86
ARCO,1516774010.4
ARI,1369986173.6599998
ARDT,1582062890.66
APTV,15439268974.99
ARE,14031562524.17
ASAN,3506300586.3
ARX,6553399711.7699995
ASB,4243916800.0
AS,20885160656.359997
ASIX,588002225.91
AROC,4119653940.6
ARIS,698202241.14
ARMK,11502285700.29
ARW,6630014278.47
ATEN,1339259721.86
ASPN,638494761.66
ASIC,1002990822.9399999
ASH,2342301864.1
ASGN,2397612000.0
ATGE,4136026985.44
AU,25285551416.399998
ATUS,1253428504.04
ATI,13400009234.22
ATMU,3186694308.75
ATKR,2680013901.84
ATO,24911973749.760002
AVNT,3109366464.43
AVY,13898833345.769999
AWI,7319155568.639999
BAX,14994962484.06
ATR,10631891810.03
ATS,3145780432.44
AUB,4687261337.599999
AVA,2994547488.03
AVB,28722779709.75
AWK,27364029816.8
AWR,2808059289.64
AXP,216843860755.47
BA,175728515770.44
BBWI,6678468218.639999
BALL,16370406911.039999
BBY,14253221043.359999
AXL,585006016.54
AX,4775928184.8
B,37381018224.399994
BAH,14027453481.65
AXTA,6454061355.81
BAM,101633328415.24
BAC,360307121048.25
BANC,2382048240.0699997
AVTR,9683115511.230001
AVNS,555390199.8
AXS,7627784911.5
AZO,63918910609.74
AZZ,3292239718.5299997
BBAI,2151885268.95
AYI,9251674780.8
BB,2324615740.8
BBDC,1008380626.04
BAP,18718545864.45
BBU,2286069599.27
BBW,678129113.2800001
BBUC,2299945669.3599997
BC,3992894615.48
BCC,3316679995.2
BCSF,991190786.9599999
BDN,710441903.93
BCE,22308155416.8
BDC,5077716707.28
BCO,3854339357.6099997
BDX,53114085962.479996
BEN,13043438541.9
BIO,7189298379.14
BILL,4731006222.88
BEP,7739280151.32
BE,7974730330.040001
BF.A,14532417475.42
BLDR,15080852064.28
BEPC,6546619964.700001
BLK,173883744000.0
BFH,2948382000.0
BF.B,14636423065.68
BFAM,6588153225.73
BHLB,1188598010.0
BG,15455298367.81
BHE,1404478317.4199998
BJ,13759683461.0
BIPC,4967491127.04
BFS,801777357.15
BIP,14842961508.960001
BK,71172921720.0
BHVN,1378519074.0
BKD,1759952443.62
BIO.B,6722874312.3
BIRK,9693688211.76
BKV,1667060780.6399999
BKU,2892919317.06
BH,991550868.0
BHC,2501854082.22
BH.A,969017172.48
BLD,10976460157.050001
BKH,4109106394.59
BKE,2510272321.62
BKSY,689404662.94
BLCO,5060640028.0
BLX,1550807960.0
BMI,5687774632.08
BLND,935854031.0600001
BMY,98558963628.3
BMO,82633778575.48
BN,103683495213.99998
BNL,3002593607.76
BNS,70524621207.58
BNT,16413246473.760002
BRK.B,1044301023235.17
BUR,3013170476.42
BOW,1079496935.45
BTU,2030174143.8
BOOT,5336257874.219999
BV,1550531000.0
BOH,2610179077.69
BORR,588356953.86
BOX,4777347385.150001
BXMT,3364687525.9
BR,29799300093.6
BRBR,6951800014.88
BRC,3315403811.72
BROS,7551985378.0
BRO,34096511233.44
BRSP,640568395.45
BRSL,2953827102.6000004
BRX,7844321465.09
BWA,7914316128.960001
BWXT,13517733018.960001
BX,139375252159.0
BRK.A,1044466307060.0
BXP,11367705992.8
BSX,157028435058.3
BY,1242527521.41
BSM,2615826188.2799997
BXSL,7453135762.05
BTE,1590416202.4199998
BYD,6995780695.2
BURL,17627043670.600002
BWLP,2076421199.16
BXC,642178951.15
CAAP,3274967466.06
BYON,581985741.31
BZH,746675899.2
C,176855263000.0
CABO,812255755.44
CAH,37505704565.7
CAG,9171679933.95
CACI,10551926452.2
CADE,6683996561.22
CAE,9193652167.32
CAPL,845002838.34
CARS,843939446.9
CCS,1769805341.03
CAT,203999121707.5
CARR,68866114728.06
CAVA,10180390471.38
CDP,3164052243.6600003
CAL,520469611.2
CDE,5936391881.28
CB,107299551090.2
CALX,3610657883.5499997
CBL,846400122.72
CBU,2870258010.0
CBZ,4232522414.1
CBRE,43991333157.21
CBT,4089938232.66
CC,2120883541.53
CCI,48544947915.840004
CDRE,1377953335.65
CE,6422212384.200001
CEPU,1829183934.6
CCJ,34651226672.799995
CF,15115535332.5
CCK,11986070197.720001
CCL,40337494200.5
CIEN,12525135514.8
CCO,556321252.48
CHE,6886390708.4800005
CHH,6277396337.11
CHWY,14989305170.140001
CFG,21417728456.39
CIM,1139257608.3
CHD,23945545282.05
CFR,8674371879.130001
CI,79173051472.89
CGAU,1525572534.1499999
CINT,736149350.8199999
CLB,550064766.66
CION,529072320.92
CIVI,2879234703.4
CLX,16122699683.67
CM,69102076758.78
CL,71260240975.74
CMI,50903189539.439995
CLF,5659313957.44
CLVT,3094383629.82
CNA,12023729461.95
CLH,12602457951.210001
CNH,16629935035.230001
CLW,501323536.68
CMA,8816722776.42
CMC,5968135859.6
CMBT,1813985238.8999999
CNNE,1369432421.8
CMG,62699782600.0
CNP,25043896720.079998
CMRE,1156669787.0700002
CMP,847810033.14
CNC,13943265870.0
CMS,21770226161.1
CNI,59842054000.0
CNM,12473574689.21
CNO,3749527748.0
CNK,3339937154.4
CNMD,1576386121.75
CNX,4396703030.4
CNS,3833122814.83
CNR,4114858338.64
COF,136117575000.0
COLD,4732139023.26
CODI,513861647.78000003
COHR,15565822785.54
CNQ,65707933640.0
COMP,3763398740.8599997
COR,56278587685.32
COP,119865831968.7
CON,2519860576.32
CPAY,23676635387.37
CPF,745497076.68
COTY,4466124595.2
COUR,1996517999.9999998
CRD.A,524208997.4
CRD.B,519263629.5
CRCL,43902672578.9
CRC,4406138429.94
CPA,4533748978.320001
CPRI,2318374044.0
CP,71579984772.73001
CRM,257269160000.0
CPNG,54922293976.0
CPK,2835673638.48
CPT,12130382886.720001
CRBG,19585983092.9
CQP,26637168208.690002
CRI,958404138.6
CR,10967201777.97
CRGY,2348267698.7999997
CRL,8690042924.16
CRK,6075115337.919999
CTEV,652195121.92
CTOS,1349795565.36
CRH,67306287856.98
CRS,13761001578.92
CSR,963936518.4
CSL,18820061712.920002
CSTM,1953689046.33
CTRI,1897978387.14
CTRA,18035851286.2
CSV,709006803.3
CTO,581297737.4
CTRE,5992198046.22
CTS,1221217070.91
CTVA,50091743100.00001
CVS,76786679340.3
CSW,4764491509.12
CUBE,9439575636.92
CUBI,1949831758.46
CURB,2405216180.16
CVI,2795755958.19
CVE,26227244340.0
CVLG,696029562.38
CVNA,44843983232.2
CUZ,4664585720.34
CWAN,5772211082.56
CW,18275533811.6
CVX,314824699130.2
D,50101446046.25
CWT,2672912181.7999997
CXT,3410397404.5
CXM,2383896524.82
CWEN,3708221722.92
CWH,1130004248.9399998
CWEN.A,3486624239.16
CWK,2749775509.8
CYD,879054284.46
CXW,2262853880.76
DAY,9592864140.0
DAN,2371178150.68
DAR,5426430040.570001
DAL,35820749333.72
DAC,1688882484.9599998
DB,64487598589.799995
DBD,2146026618.8400002
DBRG,1954788875.36
DFH,2570864442.12
DCO,1345692397.05
DHR,147134280713.19998
DCI,8381279715.780001
DE,140120501715.9
DEA,1026531911.88
DD,31709646877.85
DEC,884877815.22
DKS,17395379991.66
DDS,7805112931.55
DLB,7335614115.68
DEI,2603790742.5
DFIN,1778835613.68
DHI,43323311234.28
DG,23670794919.16
DGX,18847840980.550003
DHT,1758653362.35
DECK,17461581993.75
DELL,88754803131.06
DINO,8135534300.4
DLR,60555582520.0
DLX,761537492.3000001
DIS,218372244397.16998
DK,1377902210.1000001
DKL,2351394672.0
DVA,10971513090.0
DOLE,1370939069.94
DOC,12230521600.000002
DOCN,2621765606.4
DOCS,11389343669.390001
DNB,4071266240.64
DNOW,1590272238.6000001
DOV,25575575484.5
DOW,18082614292.010002
DRI,23931077558.399998
DT,16340115937.05
DRH,1675247317.5199997
DUK,93216444842.51001
DVN,21150774000.0
DTE,28933911541.260002
DTM,10175323109.76
DV,2552915861.71
ECO,772336650.92
DY,7656115105.53
EFXT,990658702.5799999
DX,1598319281.25
DXC,2599885574.0
EG,14328248474.08
EAT,6823251985.5
ECVT,1055430584.9
ECG,3749999190.93
EEX,1024123072.35
EFC,1251353933.88
ED,36843881640.240005
EE,763124013.9000001
ECL,77044553941.5
EFX,30338586798.8
EIG,1105146473.94
EGO,4253226495.2999997
EGP,8774574500.880001
EIX,20373235902.9
EHC,10852804914.75
ELAN,7409965839.68
ELF,6856979167.98
ELS,11401924631.19
ELV,65099047686.4
EMA,13917888000.0
ELME,1404367406.01
EL,32521578992.000004
EMN,9041684189.880001
ENB,98036231961.3
ENR,1749952090.32
EQT,32569534830.0
CLS,19573934835.6
EPAC,2069575275.36
EME,28424018020.239998
ENS,3629691682.65
EOG,64615724113.9
ENVA,2652910362.96
EMR,84166875000.0
ES,24475175908.960003
ENOV,1573168824.54
ESE,4939966883.389999
EPC,1269800766.0
EPRT,6067034123.320001
EQBK,672518318.67
EPAM,9672882168.74
EQH,15994005481.230001
ETN,153456121000.0
ETD,759338605.6
EQR,25596805047.9
EPD,68428878134.25
ERO,1465544733.9
ESRT,1259413440.0
ESTC,9483364945.82
ESS,18482408909.62
ESNT,5749467658.200001
ET,60811108268.67999
ESI,5776447018.86
ESAB,8079819045.76
ETWO,1029321855.94
EVEX,2073291592.08
ETR,39348856837.28
EVH,1165780113.3
EVR,11639561313.119999
EXK,1659065460.6000001
EXR,32014133507.660004
EXP,7382083756.17
EVTC,2120257186.4099998
FBRT,859142883.5
EW,46928000000.0
EVTL,672876938.16
FDS,15861453963.960001
F,45611015252.15
EXPD,15981838018.5
FAF,6158900000.0
FBIN,6794726216.5
FCX,62846000000.0
FBK,2651844749.73
FCN,5636146050.6
FCPT,2661503438.94
FCF,1707358066.9099998
FIGS,1063084409.82
FDP,1707673856.14
FDX,57370660633.6
FBP,3412659708.35
FIX,24299747250.48
FIS,43050870642.82
FE,24205932873.359997
FG,4344745224.56
FICO,37304126758.8
FHI,3897397764.3900003
FHN,11610290000.0
FERG,44967819573.6
FI,77206539355.4
FLS,7171408099.56
FLUT,53718188289.01
FLO,3433110140.1000004
FL,2432885938.29
FLNG,1251590951.52
FLG,4730875157.66
FIHL,1702239489.6
FLOC,1787505836.7599998
FLR,9321669119.88
FMC,5397327698.67
FN,11067730714.06
FND,8597718281.400002
FNB,5616683876.400001
FNF,15687425261.76
FOR,1276929255.52
FNV,31372772560.85
FTS,24613243881.52
FTV,17510735014.08
FOUR,7233557822.81
FR,6597741150.0
FRT,8129212137.599999
FRO,4122975904.2799997
FSCO,1471800533.14
FSLY,1036768000.0
FSK,6225876805.59
GAP,7707553786.7
FTI,14981550440.85
FSM,2093467104.52
FUBO,1256866452.96
FUL,3214628689.02
FSS,6632190306.42
FUN,3194799026.0
FVRR,925380754.02
G,7958531850.54
GEF,3861935356.8399997
GBCI,5371522022.25
GB,1469328672.9
GBTG,3240817603.9599996
GATX,5475163030.89
GD,84469289254.84
GCI,540347847.39
GDOT,571961708.78
GBX,1451841420.72
GE,288004733115.32996
GDDY,23648765060.27
GEL,1939834797.12
GEF.B,2704052246.46
GEO,3689043452.1000004
GES,709505305.52
GEV,175472829484.6
GENI,2520361480.56
GFF,3886692205.3500004
GETY,767400916.1
GGG,14016071870.460001
DNA,817105002.9200001
GLW,47414259305.92
GFL,17682620412.48
GHLD,1235392579.7
GIB,22688234676.0
GIC,1056081165.59
GHC,4005783493.64
GIL,7900206688.0
GIS,27701771914.3
GHM,602795000.08
GKOS,5388351601.8
GNTY,512817097.20000005
GOLF,4838813519.04
GM,50840954573.4
GME,10436356018.98
GL,11154018969.01
GLOB,4091267861.96
GLP,1749479269.2
GRBK,2905724083.5000005
GMS,4169117454.9
GNK,694654532.8800001
GNL,1595942412.3500001
GMED,7375468241.04
GNE,533423800.69
GRMN,45368543277.28
GNW,3315655728.0
GPC,18596639707.8
GOOS,1391953227.12
GPK,7037047607.4800005
GPI,5648422565.8
GNRC,9273455470.08
GPOR,2990507519.19
GSBD,1402874775.1200001
GPN,20915150686.72
GRC,1078069457.0
GTES,6524188236.7699995
GRND,3588415859.6099997
GRDN,1300540493.1000001
GRNT,698832609.8
GS,223681045489.44
GWRE,18807528913.739998
GTLS,7720043483.46
GSL,1032408810.16
GTN,505913262.60999995
GTN.A,1094279189.75
GTY,1571576085.45
HBM,3898670361.8099995
GXO,6021871443.700001
GWW,50634291286.26
H,14205804631.34
GVA,4196208753.36
HEI.A,35279584885.44
HAE,3612700345.6
HESM,5280087365.76
HAFN,2748902823.8399997
HAL,19140917189.899998
HAYW,3265947320.2
HASI,3390782482.88
HCC,2996930430.7000003
HCI,1597046495.1000001
HBI,1619669372.58
HD,373436269889.89996
HL,3883938330.4399996
HE,1871562753.55
HEI,45033565218.880005
HCA,80428666248.0
HHH,4145696872.3999996
HGTY,975193216.0
HG,2213431553.55
HNGE,3570789894.19
HNI,2435635746.72
HIPO,675214524.16
HGV,4732717903.35
HI,1559145338.12
HIW,3261270952.5
HII,10391307465.88
HIMS,12903887243.3
HIG,35044103323.1
HLIO,1272608658.52
HLX,906900985.41
HLT,64360770508.45
HMN,1657262827.2
HP,1664234118.36
HLI,13674691592.73
HLF,993005627.25
HOUS,529957496.46000004
HOG,2987381534.81
HOMB,5654842130.0
HOV,696074270.15
HPE,27202229802.600002
HUBB,23619508191.3
HUM,28722633180.5
HUBS,29515106187.559998
HPP,955460177.28
HPQ,24120527507.04
HR,5664946014.0
HRB,7477221121.900001
HY,775595727.0
HRL,16078917782.359999
HRI,4756615205.88
HRTG,637841496.5999999
IAG,4042604347.15
HSY,37911221184.8
HTB,711930220.1
HTH,1921530500.0
HTGC,3410283947.76
HWM,76504308230.24
HXL,4862116074.06
HUN,1944213588.51
IFS,4072316126.75
IIIN,709817885.37
IBM,241934177532.24002
IBP,5646530448.09
IBTA,1013932580.94
ICL,8776573163.199999
INN,619462001.04
ICE,105799629423.24
IDA,6658053123.75
IDT,1441404639.54
IEX,14027877888.14
IMAX,1444060662.0
IIPR,1503922885.01
IHS,2066810727.52
IFF,19601214137.35
INFA,7425430076.389999
INGM,5002028313.0
INGR,8557866100.7
INSP,3800587046.6400003
INVX,1162291617.3500001
INVH,19559213694.68
IOT,22198408690.5
IP,29393556522.24
INSW,1986849475.0800002
IONQ,12574700751.720001
JBGS,1427455815.3999999
IRM,29309660628.64
IPG,9541239459.5
IT,27449488411.68
IQV,33858899999.999996
ITGR,3801627992.67
IR,35613655441.909996
ITT,12710050000.0
ITW,76773876704.3
J,17236404881.699997
IVR,510566818.3
IVT,2136216220.56
IRT,4063182431.0
IVZ,9727260000.0
JCI,73523625387.65001
JXN,6299448693.6
JBL,23883807174.350002
JEF,11894117542.859999
JBS,29678397030.600002
JBTM,7224694790.88
JBI,1279249353.04
JLL,12594371888.910002
KD,9053230087.439999
KBH,3869333462.24
JNJ,405323432157.60004
JHG,6795468431.56
KEX,6646728000.0
JOBY,15231147574.6
KEN,2541802795.08
JHX,15603498267.480001
KEY,20658252210.0
KAI,4067146181.42
JPM,821107675859.9401
K,27696146277.42
JOE,2963742443.7
KAR,2667410288.28
KBDC,1128462693.2
KBR,6117055841.95
KGC,19739212000.0
KODK,549297574.0
KIM,14734089414.0
KFY,3827096909.9999995
KGS,2747357215.27
KLG,1999562040.5800002
KEYS,28647519580.55
KFRC,865363500.0
KN,1751248286.3400002
KMT,1933283183.04
KMPR,3864652675.29
KMX,9112381069.44
KLC,1184783513.04
KNF,4655691026.9800005
KKR,135520071960.48
KNSL,11122255477.35
KMI,60862705902.24
KNTK,2508787849.94
KRMN,6675666845.75
KSS,1433013074.4099998
KRP,1372928373.6
KVUE,43850742983.92
KO,297684663820.84
LADR,1419915272.64
KNX,7266322000.000001
KOS,1061180117.6400001
KRC,4385843980.559999
KR,47246196183.479996
KRG,4978748595.0
KOP,692148252.1200001
KREF,606190698.36
KRO,706322980.24
KVYO,9827068202.0
KWR,2158807975.5
L,19220783756.48
KW,1051028988.8
LAC,667659871.8
LAR,522937000.0
KTB,3467585164.1099997
LAD,8146007201.68
LAZ,5163984341.5
LBRT,2128078371.96
LB,1312070739.98
LC,1465183844.56
LEN.B,28705727301.39
LEVI,8091133318.45
LOB,1550128728.33
LOW,127107261061.20001
LDOS,21013355854.0
LEA,5313736469.88
LEN,29871258049.89
LEG,1396042829.6200001
LCII,2505594785.52
LHX,50380887205.439995
LION,1868529057.78
LUMN,4442180635.440001
LMND,2929181476.6
LLY,729580786211.1901
LNG,49983792275.38
LII,23210827370.420002
LNC,5946661632.509999
LOAR,6885726825.599999
LH,21965184000.0
LVWR,861085144.44
LMT,98328477635.52
LVS,37034350209.96
LPG,1235930925.6
LNN,1496377085.28
LSPD,1885819910.53
LRN,5655411494.82
LUV,17441483815.89
LTC,1628697905.82
LTH,6411369561.3
LPX,6251887888.400001
LUCK,1483369682.92
LW,8477847479.18
LXP,2386754010.81
LXU,612400176.6
LZB,1580402934.33
M,3551737000.08
LYB,20572814896.140003
MAA,17751802328.100002
LYV,35474990789.64
MA,515990435295.46
MAS,14291321990.5
MAIN,5860802834.63
MAC,4471047609.75
MATX,3571672382.04
MAN,2115107279.5000002
MAX,608144628.48
MANU,2978107303.75
MCD,213415818027.69003
MCO,92002015413.90001
MCK,88908953157.64
MC,5222300793.6
MGA,12001932427.800001
MBC,1504374362.3999999
MCB,760448390.48
MD,1079835088.95
MDT,119080741496.81999
MCY,3857817870.55
MDU,3477716513.4
MET,52737157210.560005
MFA,973149131.76
MCS,551776229.62
MFC,53495302409.28
MEG,802028689.0400001
MHO,3272710811.34
MLM,35310973785.03
MGM,10461413326.0
MGY,4438167645.679999
MIR,5054287610.56
MH,3210735534.39
MKC,19207162387.71
MHK,7559235262.8
MKL,25707928296.030003
MKC.V,19215213454.8
MLI,9821370717.44
MOG.A,5756183434.4
MLR,500197484.7
MOH,8944084000.0
MMC,103437698647.2
MMM,80570895021.54001
MMI,1238685087.5
MMS,4138863356.55
MLNK,1289851784.52
MO,100797596789.12001
MNTN,2201811409.44
MOD,5442366646.38
MPW,2595456000.0
MRC,1217503114.1100001
MOG.B,6359674620.5
MOS,11705816483.1
MODG,1817309495.3600001
MP,10992426385.92
MSIF,780784161.1199999
MSI,71439964540.0
MPLX,52009871631.450005
MS,228529980000.0
MPC,52708676469.96
MRK,212709457441.62997
MRP,5136148197.18
MTN,5965189825.68
MSDL,1681923107.5
MTG,6085521407.79
MTH,4964563748.259999
MSA,7076239916.79
MSCI,42263854228.149994
MSGE,1888427749.82
MSGS,4856361348.599999
MT,25625145812.75
MTAL,995632525.72
MTX,2076870395.6000001
MTB,30331205640.0
MUR,3729170700.06
MUSA,8351073137.959999
MTZ,14690903394.88
MTD,26269233676.14
MSM,4863835966.08
MTDR,6306933983.5199995
NBHC,1494432032.16
MTUS,714395556.0
MTRN,1973191658.3999999
MUX,613299931.1999999
MWA,3940439980.1
MYE,567837000.29
NABL,1552178782.3500001
NAT,578079309.99
NATL,2020729058.46
NBR,520597641.71999997
NEXA,663517441.11
NCDL,849252237.96
NEE,147960172447.8
NCLH,10642936237.14
NE,4498335960.07
NEM,72223069418.75
NEU,6661421651.42
NET,68774431798.01999
NFG,7817252963.5199995
NGL,562374383.16
NIC,1993410167.02
NGVT,1691970524.8
NHI,3319920008.1
NI,19854248912.52
NJR,4613076438.0
NIQ,5796750000.0
NKE,112643429334.84
NGVC,917556192.4
NLY,13393708009.22
NMAX,1794131734.08
NNI,4537028620.8
NMM,1262357434.8300002
NOC,81577072164.68001
NNN,8033030227.700001
NOMD,2742887027.7000003
NOG,2811092226.88
NOV,5249065936.95
NOW,201042332010.0
NPB,501036728.22
NPKI,763239764.28
NPK,750607555.64
NSC,63660735812.38
NRG,30614977920.52
NPO,4376196246.8
NSA,2401761194.0
NRP,1315911795.52
NSP,2271513555.73
NTB,1899927437.6699998
NVGS,1110059746.3799999
NTR,29293078086.420002
NVR,21637210417.74
NTST,1534974644.22
NUE,33650346289.980003
NVST,3525329870.4
NU,61414694885.03
NYT,8579682265.08
NUVB,850657440.0
NVRI,754259513.5999999
OHI,11318238450.0
OGN,2654151403.23
NX,910268488.8000001
NWN,1647056793.6
OBDC,7589066319.45
NXE,4158580152.2
O,52288328931.299995
NXDR,719266297.28
NVT,12928846311.33
OBK,1169990183.46
OC,12409164127.0
OEC,638097808.3199999
ODC,866875862.16
NXRT,855887128.85
OLP,500556499.86
OLO,1713532743.0
OLN,2447784811.92
OI,2253732475.6
OGE,9031672547.7
OFG,1937776020.0
OII,2271706201.32
OGS,4370740554.18
OKE,50932532337.66
OKLO,11127252363.0
OMC,14815926550.720001
OMI,603719415.3199999
ONON,16554083985.359999
OMF,7065556735.05
ONTO,4866237306.48
ORA,5428091774.4800005
ORC,938961388.1700001
OR,5234077411.52
OPY,766677055.8000001
ORI,8860814665.65
ORCL,688501144960.0
OSCR,3680085554.45
PAG,11580800893.86
PATH,6516773229.54
PAGS,2437210105.44
PARR,1621123601.23
OSK,8285460671.320001
PBH,3785066636.56
PBT,607312611.88
OTIS,35240350811.91
OUT,3019022554.08
OTF,3287050358.36
OXM,637891275.6800001
OWL,12525560867.82
OXY,44000572033.38
OVV,10649056250.46
PACS,1814025103.59
PAYC,13376983059.6
PAY,3581284451.2200003
PAAS,10554202671.08
PB,6450252900.0
PBA,21359787756.29
PBI,2225791395.88
PAR,2764359486.52
PBF,2794037777.44
PCG,30943404983.04
PCOR,11278685253.47
PDM,934304162.61
PFE,140940212901.72998
PD,1448974887.0
PDS,702934324.62
PEB,1259249611.26
PGR,146608620000.0
PH,94404944915.28
PEG,43702236957.799995
PHM,22955572734.899998
PEN,9027016614.0
PFS,2487085586.72
PFGC,15424902935.64
PFLT,1062623666.1600001
PK,2242791864.06
PGRE,1398656029.54
PFSI,4860776103.349999
PHG,24200197440.0
PHIN,2037038311.0
PG,371141003982.2
PM,250486356110.03998
PLYM,700071192.26
PII,2823375964.8
PJT,4497678614.8
PHR,1584598683.47
PINS,25650885935.589996
PMT,1078135723.56
PIPR,5165811776.79
PPL,27034881261.84
PPG,26317739191.2
PLNT,9454220094.0
PLD,102340958540.0
PKG,18583570226.12
PL,2017815684.5
PKST,507097532.54999995
PLOW,678875710.5
PNW,10854563908.19
PNR,16898033765.4
PNC,77240911188.75
POR,4535882035.2
PR,9657281796.24
POST,6007021942.57
PRA,1215471783.4
PRSU,896276069.52
PRGO,3908479809.58
PRG,1287149062.5
PRI,8731316331.92
PRKS,2820736925.79
PRLB,929669730.4
PRIM,5013004546.04
PSN,8128911359.1
PRM,2490706977.9
PSA,50482123549.439995
PRU,37245044696.579994
PRMB,10824695643.0
PUMP,623458872.0
PRO,782387868.1500001
PSFE,815833727.5
QSR,22790867878.440002
QTWO,5559371910.89
PSTG,18822236336.02
PSX,50917432132.74
RBLX,80593742427.12
RBRK,16446934750.0
PX,1380252299.56
PVH,3694419271.9999995
QS,6690347607.51
QBTS,5896389380.55
PWR,62492434141.200005
QGEN,11215449171.51
R,7448370133.599999
RDN,4541836732.440001
QXO,14874697214.02
RACE,92246876644.65
RBA,20202570625.66
RAL,5367038110.0
RAMP,2167458252.66
RES,1058961043.1999999
RBC,12258194935.19
REVG,2339345006.94
RCL,95806499241.6
RDDT,27615354791.92
RGA,12989197600.050001
RCI,18540531540.96
RCUS,1083204961.74
RC,762167304.6899999
RDW,2291191370.44
RJF,33706000000.0
REZI,3627941335.62
RF,23619480000.0
REXR,8903601994.32
REX,891294649.0799999
RL,18064683105.93
RGR,583893509.74
RH,4004997810.0
RMD,40345995108.840004
RHI,4067139365.2200003
RITM,6462192994.63
RHP,6275149971.3
RIG,2649784368.0
RKT,31556767260.0
ROL,28152737774.27
ROG,1209303252.48
RLI,6224201476.6
RNG,2414154912.1600003
RLJ,1189436435.04
RNR,11637592073.64
RNST,3493860065.4700003
RPM,15762037816.7
RWT,804030086.5600001
RS,16100821020.0
RRX,10427952390.0
RRC,8431964479.799999
RSG,76611767707.08
RSI,1455283038.68
ROK,40411109182.92
SA,1621760428.82
RTX,209990441819.75998
RSKD,851618185.01
RVTY,12219547652.2
RY,186230983889.00003
SAND,2799658470.25
RVLV,1552676663.3400002
RYI,729241347.9
RYAN,8390093251.25
RXO,2855418897.5000005
SAH,2691371981.73
RYN,3757344327.36
S,6503415362.879999
SCCO,78951470991.93
SAM,2341053945.0
SAFE,1057200985.0600001
SARO,9448541047.5
SBH,1046273154.7299999
SBR,963111530.7
SBSI,905468200.0
SCHW,176355145373.98
SCI,10822092637.859999
SCS,1213610650.58
SEMR,1443306988.06
SCL,1288100515.45
SDRL,1881070849.23
SDHC,1054773410.2500001
SEE,4564534556.16
SEI,1313115602.5
SEM,1832964585.66
SFBS,4437210595.8
SGI,15585462681.92
SGHC,5562013523.0
SG,1739337816.8999999
SHAK,5526081757.57
SFL,1245287079.72
SHCO,1272167804.34
SF,11576266075.81
SKT,3545729075.98
SKY,3726803158.42
SILA,1397396421.82
SHO,1793707828.22
SKX,9429484590.57
SITC,578467224.9399999
SHW,84798260771.6
SIG,3487893918.6000004
SII,1827788460.96
SJM,11630654357.52
SITE,5948915725.24
SKE,1774328508.1000001
SM,3155723350.26
SLF,35174861484.3
SLB,52909446898.93
SLG,4307643627.55
SLGN,5961659989.599999
SLVM,2018218399.68
SMA,2008109158.89
SMBK,603782567.56
SMR,6892081126.71
SMG,4004845515.36
SMP,717460590.72
SMWB,722604305.5
SOBO,5403325374.45
SN,16972897646.98
SPG,54548888267.29
SNOW,73241266043.43
SPGI,164059955835.75
SNDR,4560427393.03
SNA,17227996540.17
SNV,6884951703.3
SNAP,16436555767.859999
SNX,12119361929.84
SRE,52708410111.6
SO,104903463574.0
SPB,1478703355.5
SON,4766690321.73
SOLV,12932715919.5
SOC,2847198573.12
SPOT,142124544402.30002
SPH,1206944964.54
SPR,4808903391.59
SPNT,2307295459.0299997
SPHR,1568854592.86
SPXC,8445455949.32
SR,4509479342.34
SSB,9997553000.0
SSD,6953485067.76
ST,4791003919.0
STWD,7317092447.23
SSTK,710362135.5999999
STAG,6651049588.92
STE,22670575820.34
STEL,1615742994.64
STZ,30943018621.120003
STC,1819173400.0
SW,25500316926.65
STLA,29262958617.690002
STN,12570182849.0
SXC,716148280.6200001
STM,23527895176.8
STT,32248513723.820004
STNG,2249308226.1000004
SXT,4810185887.79
SYF,27122995249.2
SU,48219364593.200005
STR,1425129426.38
TALO,1568620733.34
STVN,7234542548.75
SUPV,906103511.55
SUN,7295135593.92
SUI,15271048202.4
SVV,1562701178.17
SWK,11433255893.1
TDC,2108935999.9999998
TDOC,1438565138.6
SWX,5639391816.66
TDG,90285780783.25
SYK,154214987973.44998
TAC,3637439401.83
T,200210793440.0
SYY,38925559984.299995
SXI,2008957003.36
TAP,10349260901.91
TBN,40480817490.60999
TD,129065276540.00002
TBBB,2939177876.0499997
TEL,61552463117.9
TDS,4569464920.71
TDW,2567325258.89
TDY,26048641847.94
TECK,16188975000.0
TEN,584475498.1999999
TEX,3430880000.0
THO,5041069844.48
THG,5997660098.17
TFC,58862707750.0
TFII,7858077020.059999
TFX,5178507152.15
TFPM,4882763674.799999
TMHC,6004724703.75
TJX,141058439498.56
TGLS,3628924017.44
TKR,5713182009.719999
TGNA,2738743929.3599997
TNC,1543577621.5
TGT,48185503801.049995
THC,14213262700.0
THR,934795831.4
THS,1075145000.0
TPB,1401465766.95
TIC,1440707909.8999999
TIXT,1137265691.6
TPH,2764330682.49
TNET,3344445088.39
TMO,180562887987.84
TNK,1523479528.41
TK,628376636.9599999
TNL,4107168985.14
TOL,12080190240.0
TKO,13901156423.25
TPC,2524978595.58
TRNO,5863176622.559999
TOST,28173677237.100002
TPR,22501150525.98
TPL,22511258478.54
TR,2919465200.0
TRC,510473494.25999993
TREX,7343980517.5199995
TRGP,35923915850.4
TRN,2149685445.42
TROX,922251750.0
TRP,49111903234.64
TRTX,677989105.26
TSN,19215282619.02
TRU,19328056000.0
TRV,58771189193.05
TWO,1087062253.1999998
TXNM,6017139700.900001
TWI,609649270.5600001
TWLO,20009482486.84
UBER,190902735666.42
TSLX,2297428553.1
UBS,122443101397.98
TTAM,2645601372.75
TTC,7436922097.92
TU,24923068266.960003
UDR,13387664813.579998
TT,105280110564.49
TXT,14167320952.5
UA,2948752662.84
U,13622312959.560001
TYL,23996528407.16
UHT,570682088.4000001
UAA,3136245606.7200003
ULS,14101091083.17
UCB,3829942003.48
UAN,944502762.32
UE,2477264953.0
UHS,10026925306.4
UGI,7726321047.84
UHAL.B,10986243616.4
UHAL,12398004352.4
UNFI,1708553714.14
UMH,1413306330.9199998
UNF,3215342674.8
UI,27006921242.699997
UNH,254960892347.46
UNM,14199779151.84
UNP,133280633496.84001
UP,1013367626.25
UPS,87694380789.36
USAC,2887822859.8399997
V,697477741399.36
URI,57263687580.0
USM,6287063558.34
USNA,595007246.25
USB,72167837644.56
USFD,19030852316.16
USPH,1127982908.25
UTL,844068954.5799999
UTI,1715972021.1
VFC,4938205833.96
UVE,640366110.0
VAC,2907525054.8199997
UWMC,860056743.0699999
UVV,1360689360.27
UTZ,1232404302.96
VMI,7254253578.54
VEL,638601600.0
VAL,3588275829.6
VEEV,47456558201.93
VET,1281434943.3600001
VG,35233182974.08
VIK,25853861289.36
VICI,35272883765.740005
VIRT,3797295062.6000004
VOYG,2460518317.44
VLO,44103228095.68
VMC,36306009302.28
VLTO,25599101327.760002
VNO,7664529679.29
VHI,502232575.75
VNT,5881983000.0
VVV,4560767078.400001
VOYA,6919682312.82
VRE,1370497351.23
VRT,52390528819.659996
VSTS,840774085.36
VRTS,1366268011.16
VSH,2304421910.0
VST,65219601558.799995
VTLE,720311056.4599999
VSCO,1715231785.92
VTEX,1146772376.3700001
VTOL,1036199129.16
WAL,9073021758.08
WAT,18028278512.55
VTS,937539324.88
VVX,1535747472.6499999
WD,2595849382.26
VYX,1980873328.6000001
VTR,29998470625.96
VZ,181639272728.63998
WFC,271541444094.39996
WFG,5691352830.7300005
W,8387982470.01
WGO,887727201.8000001
WAB,33713676036.170002
WEAV,581907162.96
WCC,10464975675.56
WEC,34951501029.52
WELL,105652416457.0
WBS,10018296680.0
WCN,48133268886.95
WES,15542903275.119999
WEX,6014026992.900001
WH,7024774724.0
WHD,3169320000.0
WMB,70598588833.78
WK,3789339294.2599998
WHR,5546550775.559999
WNS,3205032656.32
WKC,1598021079.6599998
WLKP,777714930.92
WLYB,2108508525.2
WLK,10997692252.16
WLY,2093024416.0000002
WM,92421039847.92
WMK,2070373157.71
WSM,22349977664.31
WMS,9202754067.48
WS,1577141327.85
WSO,19849518628.940002
WMT,777851358445.08
WTM,4605888575.08
WTRG,10400524997.1
WOR,3077896155.16
WTS,8436656109.42
WRB,26173771149.999996
WPM,42651470063.92
WPC,14145864005.8
WRBY,2961099998.46
WWW,1883463745.2399998
WY,19106972450.0
WST,18948299210.75
WSR,641284371.0
WT,2008447954.14
WTTR,1011862953.01
XIFR,894889681.8399999
WU,2835907202.7
XOM,475784125838.4
XHR,1307816552.0
XPRO,998131233.1
XPO,16293822409.09
YELP,2215332251.6000004
YETI,3218209902.54
XYL,32261043528.269997
XYZ,49656634060.0
YOU,2763212395.56
YEXT,1035484677.3600001
YUM,40777392296.7
ZBH,19300062059.7
YUMC,17675592140.25
ZTS,67725049022.36
ZWS,6472664673.0199995
ZETA,3778127893.3199997
ZGN,2313631691.64
ZIM,2015254142.3
